{
    "meteor": {
        "precision": 25.187222725554307,
        "recall": 19.11160223369678,
        "f1": 21.246640079844695
    },
    "rouge-2": {
        "precision": 6.288191761732494,
        "recall": 15.93197540337947,
        "f1": 8.221627871912593
    }
}