{
    "meteor": {
        "precision": 20.092380097775212,
        "recall": 21.33329508265521,
        "f1": 20.694251652955373
    },
    "rouge-2": {
        "precision": 7.18232044198895,
        "recall": 8.04953560371517,
        "f1": 7.591240875912408
    }
}