{
    "meteor": {
        "precision": 29.886535256929413,
        "recall": 21.33543230417446,
        "f1": 24.897214228246213
    },
    "rouge-2": {
        "precision": 6.684491978609626,
        "recall": 32.05128205128205,
        "f1": 11.061946902654867
    }
}