{
    "meteor": {
        "precision": 47.88206039462779,
        "recall": 36.69757882816487,
        "f1": 41.55032350417695
    },
    "rouge-2": {
        "precision": 13.196480938416421,
        "recall": 44.11764705882353,
        "f1": 20.316027088036115
    }
}