{
    "meteor": {
        "precision": 14.788247997602525,
        "recall": 12.019159519368408,
        "f1": 13.260686366829175
    },
    "rouge-2": {
        "precision": 4.891304347826087,
        "recall": 3.557312252964427,
        "f1": 4.118993135011442
    }
}