{
    "meteor": {
        "precision": 17.077482381245886,
        "recall": 13.314466393147756,
        "f1": 14.96301319356299
    },
    "rouge-2": {
        "precision": 2.0533880903490758,
        "recall": 10.869565217391305,
        "f1": 3.454231433506045
    }
}