{
    "meteor": {
        "precision": 47.94379793548129,
        "recall": 24.283116633407634,
        "f1": 32.237977880265134
    },
    "rouge-2": {
        "precision": 13.653846153846153,
        "recall": 57.72357723577236,
        "f1": 22.08398133748056
    }
}