{
    "meteor": {
        "precision": 28.11514233482713,
        "recall": 22.88942944292328,
        "f1": 25.234583658694707
    },
    "rouge-2": {
        "precision": 6.73758865248227,
        "recall": 30.158730158730158,
        "f1": 11.014492753623188
    }
}