{
    "meteor": {
        "precision": 45.19810140183014,
        "recall": 32.72723734773047,
        "f1": 37.96477541145947
    },
    "rouge-2": {
        "precision": 7.479224376731302,
        "recall": 32.142857142857146,
        "f1": 12.134831460674157
    }
}