{
    "meteor": {
        "precision": 33.878779283073044,
        "recall": 31.76485257061573,
        "f1": 32.78777845801877
    },
    "rouge-2": {
        "precision": 26.77165354330709,
        "recall": 20.118343195266274,
        "f1": 22.972972972972975
    }
}