{
    "meteor": {
        "precision": 41.153913731260225,
        "recall": 28.485567260031548,
        "f1": 33.66747026020889
    },
    "rouge-2": {
        "precision": 4.098360655737705,
        "recall": 30.612244897959183,
        "f1": 7.228915662650602
    }
}