{
    "meteor": {
        "precision": 24.021684716133457,
        "recall": 37.24961202211878,
        "f1": 29.20775251799105
    },
    "rouge-2": {
        "precision": 9.072164948453608,
        "recall": 17.1875,
        "f1": 11.875843454790823
    }
}