{
    "meteor": {
        "precision": 19.994847016079135,
        "recall": 27.190183540128622,
        "f1": 23.043899890087463
    },
    "rouge-2": {
        "precision": 17.46031746031746,
        "recall": 9.282700421940929,
        "f1": 12.121212121212121
    }
}