{
    "meteor": {
        "precision": 30.737949384204377,
        "recall": 26.55733322403546,
        "f1": 28.49511957211129
    },
    "rouge-2": {
        "precision": 6.432748538011696,
        "recall": 13.414634146341465,
        "f1": 8.695652173913043
    }
}