{
    "meteor": {
        "precision": 31.367340553658384,
        "recall": 34.479767110105755,
        "f1": 32.849995558686956
    },
    "rouge-2": {
        "precision": 7.142857142857142,
        "recall": 31.182795698924732,
        "f1": 11.62324649298597
    }
}