{
    "meteor": {
        "precision": 22.983126321971508,
        "recall": 11.14791944165974,
        "f1": 15.01354763807676
    },
    "rouge-2": {
        "precision": 3.1042128603104215,
        "recall": 8.045977011494253,
        "f1": 4.4799999999999995
    }
}