{
    "meteor": {
        "precision": 53.66016111860583,
        "recall": 14.5953153911726,
        "f1": 22.94869263289043
    },
    "rouge-2": {
        "precision": 3.4526854219948846,
        "recall": 41.53846153846154,
        "f1": 6.375442739079102
    }
}