{
    "meteor": {
        "precision": 35.3670665139195,
        "recall": 15.226938075341568,
        "f1": 21.28837739119175
    },
    "rouge-2": {
        "precision": 7.333333333333333,
        "recall": 43.13725490196079,
        "f1": 12.535612535612534
    }
}