{
    "meteor": {
        "precision": 22.65540481864563,
        "recall": 14.001209919910087,
        "f1": 17.3067306377729
    },
    "rouge-2": {
        "precision": 3.873239436619718,
        "recall": 15.068493150684931,
        "f1": 6.162464985994397
    }
}