{
    "meteor": {
        "precision": 31.572530947672206,
        "recall": 21.2052528027589,
        "f1": 25.370656090228472
    },
    "rouge-2": {
        "precision": 13.684210526315791,
        "recall": 15.853658536585366,
        "f1": 14.689265536723164
    }
}