{
    "meteor": {
        "precision": 23.2628183757314,
        "recall": 27.881264483387554,
        "f1": 25.363512473159183
    },
    "rouge-2": {
        "precision": 4.2105263157894735,
        "recall": 11.267605633802818,
        "f1": 6.130268199233716
    }
}