{
    "meteor": {
        "precision": 32.62332567875031,
        "recall": 17.00091825665648,
        "f1": 22.353045573717708
    },
    "rouge-2": {
        "precision": 6.442577030812324,
        "recall": 26.744186046511626,
        "f1": 10.383747178329571
    }
}