{
    "meteor": {
        "precision": 24.983674479131565,
        "recall": 20.205957262218497,
        "f1": 21.359724706890454
    },
    "rouge-2": {
        "precision": 7.739607543646238,
        "recall": 16.0030157696225,
        "f1": 9.047990604351986
    }
}