{
    "meteor": {
        "precision": 16.010916885512525,
        "recall": 10.491084635887423,
        "f1": 12.676165912105645
    },
    "rouge-2": {
        "precision": 4.455445544554455,
        "recall": 9.278350515463918,
        "f1": 6.0200668896321075
    }
}