{
    "meteor": {
        "precision": 15.818917131308725,
        "recall": 21.911732396478836,
        "f1": 18.373385209180437
    },
    "rouge-2": {
        "precision": 6.024096385542169,
        "recall": 6.024096385542169,
        "f1": 6.024096385542169
    }
}