{
    "meteor": {
        "precision": 59.53410587004042,
        "recall": 27.987686438341523,
        "f1": 38.07558879979987
    },
    "rouge-2": {
        "precision": 15.876777251184834,
        "recall": 54.47154471544715,
        "f1": 24.587155963302752
    }
}