{
    "meteor": {
        "precision": 11.538787163955524,
        "recall": 13.335619804950195,
        "f1": 12.372305303286575
    },
    "rouge-2": {
        "precision": 2.284263959390863,
        "recall": 3.6290322580645165,
        "f1": 2.803738317757009
    }
}