{
    "meteor": {
        "precision": 48.16996830302152,
        "recall": 13.928992990164723,
        "f1": 21.609351810619227
    },
    "rouge-2": {
        "precision": 7.2796934865900385,
        "recall": 29.230769230769234,
        "f1": 11.656441717791411
    }
}