{
    "meteor": {
        "precision": 19.985332362501175,
        "recall": 23.94903793087498,
        "f1": 21.788384793708783
    },
    "rouge-2": {
        "precision": 1.9444444444444444,
        "recall": 11.864406779661017,
        "f1": 3.341288782816229
    }
}