{
    "meteor": {
        "precision": 18.176351632823305,
        "recall": 22.37106459992363,
        "f1": 20.056732307417374
    },
    "rouge-2": {
        "precision": 1.1869436201780417,
        "recall": 7.6923076923076925,
        "f1": 2.0565552699228795
    }
}