{
    "meteor": {
        "precision": 17.276157610863407,
        "recall": 23.83085192427735,
        "f1": 20.030917281541107
    },
    "rouge-2": {
        "precision": 4.2492917847025495,
        "recall": 18.072289156626507,
        "f1": 6.8807339449541285
    }
}