{
    "meteor": {
        "precision": 24.021684716133457,
        "recall": 37.2496120221188,
        "f1": 29.207752517991054
    },
    "rouge-2": {
        "precision": 8.8659793814433,
        "recall": 16.796875,
        "f1": 11.605937921727396
    }
}