{
    "meteor": {
        "precision": 22.983126321971508,
        "recall": 11.147919441659738,
        "f1": 15.01354763807676
    },
    "rouge-2": {
        "precision": 2.882483370288248,
        "recall": 7.471264367816093,
        "f1": 4.16
    }
}