{
    "meteor": {
        "precision": 41.153913731260225,
        "recall": 28.48556726003156,
        "f1": 33.667470260208894
    },
    "rouge-2": {
        "precision": 4.098360655737705,
        "recall": 30.612244897959183,
        "f1": 7.228915662650602
    }
}