{
    "meteor": {
        "precision": 19.994847016079135,
        "recall": 27.190183540128622,
        "f1": 23.043899890087463
    },
    "rouge-2": {
        "precision": 16.666666666666664,
        "recall": 8.860759493670885,
        "f1": 11.570247933884298
    }
}