{
    "meteor": {
        "precision": 47.94379793548129,
        "recall": 24.28311663340764,
        "f1": 32.23797788026514
    },
    "rouge-2": {
        "precision": 13.653846153846153,
        "recall": 57.72357723577236,
        "f1": 22.08398133748056
    }
}