{
    "meteor": {
        "precision": 14.788247997602525,
        "recall": 12.01915951936841,
        "f1": 13.260686366829177
    },
    "rouge-2": {
        "precision": 4.3478260869565215,
        "recall": 3.1620553359683794,
        "f1": 3.6613272311212817
    }
}