{
    "meteor": {
        "precision": 53.66016111860583,
        "recall": 14.595315391172603,
        "f1": 22.948692632890438
    },
    "rouge-2": {
        "precision": 3.324808184143223,
        "recall": 40.0,
        "f1": 6.139315230224321
    }
}