{
    "meteor": {
        "precision": 36.15429056457282,
        "recall": 29.710980123322983,
        "f1": 32.617474949033216
    },
    "rouge-2": {
        "precision": 10.869565217391305,
        "recall": 20.408163265306122,
        "f1": 14.184397163120568
    }
}