{
    "meteor": {
        "precision": 10.50535638458925,
        "recall": 12.752849359271663,
        "f1": 11.52051270966955
    },
    "rouge-2": {
        "precision": 2.2222222222222223,
        "recall": 1.9762845849802373,
        "f1": 2.092050209205021
    }
}