{
    "meteor": {
        "precision": 20.54186845120841,
        "recall": 12.985655974988447,
        "f1": 15.912277530543552
    },
    "rouge-2": {
        "precision": 6.422018348623854,
        "recall": 8.536585365853659,
        "f1": 7.329842931937172
    }
}