{
    "meteor": {
        "precision": 26.609982899267205,
        "recall": 35.79906838881412,
        "f1": 30.528026879907657
    },
    "rouge-2": {
        "precision": 12.76595744680851,
        "recall": 18.75,
        "f1": 15.18987341772152
    }
}