{
    "meteor": {
        "precision": 18.38100895229696,
        "recall": 10.36913008530395,
        "f1": 13.258723561387557
    },
    "rouge-2": {
        "precision": 4.026845637583892,
        "recall": 3.4482758620689653,
        "f1": 3.7151702786377707
    }
}