{
    "meteor": {
        "precision": 19.890218269421105,
        "recall": 28.166782709743988,
        "f1": 23.315789359683745
    },
    "rouge-2": {
        "precision": 24.285714285714285,
        "recall": 7.172995780590717,
        "f1": 11.074918566775244
    }
}