{
    "meteor": {
        "precision": 27.07922539282609,
        "recall": 18.707766356607948,
        "f1": 22.128198530237682
    },
    "rouge-2": {
        "precision": 15.037593984962406,
        "recall": 25.64102564102564,
        "f1": 18.95734597156398
    }
}