{
    "meteor": {
        "precision": 43.46800655439684,
        "recall": 25.473690960159473,
        "f1": 32.12252107331992
    },
    "rouge-2": {
        "precision": 13.025210084033615,
        "recall": 36.904761904761905,
        "f1": 19.254658385093173
    }
}