{
    "meteor": {
        "precision": 26.351839049252995,
        "recall": 31.21062277576257,
        "f1": 28.576168632746715
    },
    "rouge-2": {
        "precision": 10.65989847715736,
        "recall": 22.58064516129032,
        "f1": 14.482758620689653
    }
}