{
    "meteor": {
        "precision": 12.846890658087048,
        "recall": 9.983527227495097,
        "f1": 11.235649151622532
    },
    "rouge-2": {
        "precision": 1.6286644951140066,
        "recall": 5.434782608695652,
        "f1": 2.506265664160401
    }
}