{
    "meteor": {
        "precision": 25.825678555549775,
        "recall": 17.431013857171948,
        "f1": 20.81378559772929
    },
    "rouge-2": {
        "precision": 7.563025210084033,
        "recall": 15.254237288135593,
        "f1": 10.112359550561798
    }
}