{
    "meteor": {
        "precision": 24.844086981787537,
        "recall": 28.057476030859185,
        "f1": 26.35318638254389
    },
    "rouge-2": {
        "precision": 9.433962264150944,
        "recall": 19.083969465648856,
        "f1": 12.626262626262626
    }
}