{
    "meteor": {
        "precision": 28.758539372153514,
        "recall": 14.007748293218695,
        "f1": 18.83924945545025
    },
    "rouge-2": {
        "precision": 4.013961605584642,
        "recall": 14.465408805031446,
        "f1": 6.284153005464479
    }
}