{
    "meteor": {
        "precision": 23.563502222242523,
        "recall": 23.507942801604546,
        "f1": 23.535689722944777
    },
    "rouge-2": {
        "precision": 3.004291845493562,
        "recall": 10.294117647058822,
        "f1": 4.651162790697675
    }
}