{
    "meteor": {
        "precision": 17.62984022584696,
        "recall": 10.343981373875197,
        "f1": 13.038099801306227
    },
    "rouge-2": {
        "precision": 2.083333333333333,
        "recall": 10.344827586206897,
        "f1": 3.4682080924855496
    }
}