{
    "meteor": {
        "precision": 34.44899342594434,
        "recall": 25.454593176188254,
        "f1": 29.276547957326457
    },
    "rouge-2": {
        "precision": 8.852459016393443,
        "recall": 29.347826086956523,
        "f1": 13.602015113350124
    }
}