{
    "meteor": {
        "precision": 37.029903760381245,
        "recall": 31.253668510235173,
        "f1": 33.89747485694684
    },
    "rouge-2": {
        "precision": 7.450980392156863,
        "recall": 20.652173913043477,
        "f1": 10.951008645533141
    }
}