{
    "meteor": {
        "precision": 18.94681705500124,
        "recall": 20.54909258853711,
        "f1": 19.71545415387042
    },
    "rouge-2": {
        "precision": 3.225806451612903,
        "recall": 11.538461538461538,
        "f1": 5.042016806722689
    }
}