{
    "meteor": {
        "precision": 19.77770604429413,
        "recall": 9.49144369628824,
        "f1": 12.827088249911169
    },
    "rouge-2": {
        "precision": 3.2490974729241873,
        "recall": 9.278350515463918,
        "f1": 4.81283422459893
    }
}