{
    "meteor": {
        "precision": 23.485764241932262,
        "recall": 23.779906155123168,
        "f1": 23.63191995217271
    },
    "rouge-2": {
        "precision": 1.702127659574468,
        "recall": 5.555555555555555,
        "f1": 2.6058631921824107
    }
}