{
    "meteor": {
        "precision": 22.65540481864563,
        "recall": 14.001209919910085,
        "f1": 17.3067306377729
    },
    "rouge-2": {
        "precision": 3.5211267605633805,
        "recall": 13.698630136986301,
        "f1": 5.602240896358543
    }
}