{
    "meteor": {
        "precision": 25.154291822477852,
        "recall": 19.15896432556897,
        "f1": 21.26448449923387
    },
    "rouge-2": {
        "precision": 6.312394571158737,
        "recall": 15.892867460625373,
        "f1": 8.24503648318421
    }
}