{
    "meteor": {
        "precision": 47.88206039462779,
        "recall": 36.69757882816487,
        "f1": 41.55032350417695
    },
    "rouge-2": {
        "precision": 13.48973607038123,
        "recall": 45.09803921568628,
        "f1": 20.76749435665914
    }
}