{
    "meteor": {
        "precision": 16.367050694123353,
        "recall": 8.965730126734517,
        "f1": 11.585191577015628
    },
    "rouge-2": {
        "precision": 2.5210084033613445,
        "recall": 3.7037037037037033,
        "f1": 3.0
    }
}