{
    "meteor": {
        "precision": 12.708937641254215,
        "recall": 11.463130156613262,
        "f1": 12.053929978372084
    },
    "rouge-2": {
        "precision": 2.2222222222222223,
        "recall": 3.4482758620689653,
        "f1": 2.7027027027027026
    }
}