{
    "meteor": {
        "precision": 19.366639746453075,
        "recall": 10.52242910726912,
        "f1": 13.636028260057017
    },
    "rouge-2": {
        "precision": 1.6359918200409,
        "recall": 6.349206349206349,
        "f1": 2.601626016260163
    }
}