{
    "meteor": {
        "precision": 33.878779283073044,
        "recall": 31.76485257061573,
        "f1": 32.78777845801877
    },
    "rouge-2": {
        "precision": 25.196850393700785,
        "recall": 18.93491124260355,
        "f1": 21.62162162162162
    }
}