{
    "meteor": {
        "precision": 20.092380097775212,
        "recall": 21.33329508265521,
        "f1": 20.694251652955373
    },
    "rouge-2": {
        "precision": 6.906077348066299,
        "recall": 7.739938080495357,
        "f1": 7.299270072992702
    }
}