{
    "meteor": {
        "precision": 24.54068117988913,
        "recall": 12.32929265598905,
        "f1": 16.412772170168754
    },
    "rouge-2": {
        "precision": 2.6923076923076925,
        "recall": 11.666666666666666,
        "f1": 4.375000000000001
    }
}