{
    "meteor": {
        "precision": 26.699451116824683,
        "recall": 21.38211327445826,
        "f1": 22.63918348552527
    },
    "rouge-2": {
        "precision": 6.1490680495049075,
        "recall": 18.929684002608234,
        "f1": 8.290111719745052
    }
}