{
    "meteor": {
        "precision": 19.588568839192742,
        "recall": 16.03836439815516,
        "f1": 17.636578651792338
    },
    "rouge-2": {
        "precision": 9.03954802259887,
        "recall": 8.83977900552486,
        "f1": 8.938547486033519
    }
}