{
    "meteor": {
        "precision": 19.311912990645926,
        "recall": 31.461795661465864,
        "f1": 23.933152667918787
    },
    "rouge-2": {
        "precision": 5.177993527508091,
        "recall": 6.451612903225806,
        "f1": 5.745062836624776
    }
}