{
    "meteor": {
        "precision": 25.825678555549775,
        "recall": 17.431013857171948,
        "f1": 20.81378559772929
    },
    "rouge-2": {
        "precision": 5.88235294117647,
        "recall": 11.864406779661017,
        "f1": 7.865168539325842
    }
}