{
    "meteor": {
        "precision": 34.44899342594434,
        "recall": 25.45459317618826,
        "f1": 29.276547957326464
    },
    "rouge-2": {
        "precision": 8.524590163934425,
        "recall": 28.26086956521739,
        "f1": 13.09823677581864
    }
}